{"bacon": 0, "barbecued_pork": 1, "broccoli": 2, "chicken_breast": 3, "chicken_brittle_bone": 4, "chicken_feet": 5, "chicken_wing": 6, "chives": 7, "corn": 8, "drumstick": 9, "eggplant": 10, "egg_tart": 11, "flammulina_velutipes": 12, "green_pepper": 13, "hamburger_steak": 14, "lamb_chops": 15, "lamb_kebab": 16, "oyster": 17, "peanut": 18, "pizza": 19, "potato": 20, "prawn": 21, "pumpkin_block": 22, "ribs": 23, "salmon": 24, "saury": 25, "sausage": 26, "scallion_cake": 27, "scallop": 28, "shiitake_mushroom": 29, "steak": 30, "sweet_potato": 31, "tilapia": 32, "toast": 33, "whole_chicken": 34}